{
  "contamination_rate": 0.0041276796630070325,
  "ensemble_threshold": 0.4,
  "svm_weight": 0.4,
  "if_weight": 0.6,
  "evt_threshold": 0.04145817945382176,
  "attacker_score_mean": 0.6183554692891841,
  "attacker_score_std": 0.1276022835686017,
  "normal_score_mean": 0.12756552141759542,
  "normal_score_std": 0.1488384895699764,
  "tn": 304859,
  "fp": 24229,
  "fn": 59,
  "tp": 1305,
  "attacker": {
    "precision": 0.05110832615336414,
    "recall": 0.9567448680351907,
    "f1": 0.09703323667187151,
    "support": 1364.0
  },
  "normal": {
    "precision": 0.9998065053555382,
    "recall": 0.9263753160248931,
    "f1": 0.9616912142787293,
    "support": 329088.0
  },
  "model_breakdown": {
    "IForest+EVT": {
      "precision": 0.16831928606841845,
      "recall": 0.49780058651026393,
      "f1": 0.2515746572804743
    },
    "OC-SVM": {
      "precision": 0.23001808318264014,
      "recall": 0.4662756598240469,
      "f1": 0.30806490675708403
    },
    "Ensemble": {
      "precision": 0.05110832615336414,
      "recall": 0.9567448680351907,
      "f1": 0.09703323667187151
    }
  }
}